dataset,student,method,regime,balanced_accuracy_percent,split_sd_percentage_points,accuracy_percent,macro_f1,log_loss
breast_cancer,logistic,bootstrap,augment,96.17924528301887,2.2564277880157424,96.73659673659674,0.9647524033368509,0.10445605594900638
breast_cancer,logistic,bootstrap,synthetic_only,96.08665269042628,2.2284023999790845,96.62004662004661,0.9635180652475143,0.10930174656921209
breast_cancer,logistic,copula,augment,96.9199860237596,2.4864337806354992,97.66899766899768,0.9745740962409467,0.10076250236100248
breast_cancer,logistic,copula,synthetic_only,95.50489168413696,2.9220491609809867,96.62004662004661,0.9628643987648918,0.11189725032552529
breast_cancer,logistic,ctgan,augment,95.4769392033543,2.106103235257844,96.5034965034965,0.9617961690154382,0.11050011455494269
breast_cancer,logistic,ctgan,synthetic_only,88.95352900069881,4.098051027891579,90.32634032634031,0.8942086357291054,0.28993682893561395
breast_cancer,logistic,ctgan_one_mode,augment,93.62683438155136,1.430414392467155,94.98834498834499,0.945079183209336,0.1574794321907301
breast_cancer,logistic,ctgan_one_mode,synthetic_only,76.30328441649196,5.5128130435991025,77.73892773892773,0.7476088027612923,0.4755890402535064
breast_cancer,logistic,ctgan_unpacked,augment,96.77148846960168,2.2618993093998068,97.31934731934732,0.9709671589172663,0.10692099489941627
breast_cancer,logistic,ctgan_unpacked,synthetic_only,90.96086652690425,1.5025606134961595,91.95804195804196,0.9130969939504485,0.1840254982349104
breast_cancer,logistic,ddpm,augment,97.55765199161426,1.679407546135094,97.9020979020979,0.977346284332131,0.11798440451441157
breast_cancer,logistic,ddpm,synthetic_only,96.35394828791055,1.3762261783460163,96.38694638694639,0.9615188965970219,0.15296406750321984
breast_cancer,logistic,ddpm_standardized,augment,96.68763102725366,1.3059888046303794,96.96969696969697,0.9674389238862459,0.11039603562505541
breast_cancer,logistic,ddpm_standardized,synthetic_only,94.11425576519918,3.084411608445191,94.05594405594405,0.9370875273583844,0.16379966993382164
breast_cancer,logistic,ddpm_unconditional,augment,85.5712788259958,1.657452808942046,89.16083916083917,0.8745890226806979,0.3965214225174873
breast_cancer,logistic,ddpm_unconditional,synthetic_only,50.8298392732355,1.7130055023046344,62.354312354312356,0.43391423772555915,0.6608443293390024
breast_cancer,logistic,mixture_support,augment,96.89203354297695,2.458674656515029,97.55244755244755,0.9733593146164381,0.0988640818431219
breast_cancer,logistic,mixture_support,synthetic_only,95.42103424178897,2.4798850011217364,96.27039627039628,0.9594007256048881,0.11500695637124592
breast_cancer,logistic,mixture_uniform,augment,96.26310272536686,2.557249212193425,97.08624708624708,0.9681865790544987,0.11197366383022012
breast_cancer,logistic,mixture_uniform,synthetic_only,94.47763801537387,2.479885001121727,95.57109557109557,0.951579200051618,0.13610677145847316
breast_cancer,logistic,mixture_utility,augment,96.23515024458422,2.4020227388639515,96.96969696969697,0.9670445282174405,0.10406822205380324
breast_cancer,logistic,mixture_utility,synthetic_only,95.89273235499651,2.102796518391849,96.62004662004661,0.9632986062502132,0.1167119499297592
breast_cancer,logistic,mixture_utility_support,augment,96.52166317260657,2.183027820323668,97.08624708624708,0.9684047795198313,0.10450859394848233
breast_cancer,logistic,mixture_utility_support,synthetic_only,95.80013976240393,2.3043955479364144,96.5034965034965,0.9619682052002859,0.11732845956117828
breast_cancer,logistic,real_only,real_only,96.79944095038434,1.8157585173017865,97.43589743589743,0.9722003300849155,0.1012033284192505
breast_cancer,logistic,smote,augment,96.86408106219426,2.0913482111885653,97.43589743589745,0.9722325527901282,0.10021494033009681
breast_cancer,logistic,smote,synthetic_only,95.64290705800141,1.8504116401664332,96.38694638694639,0.9607865377932642,0.1060238285473542
breast_cancer,logistic,tvae,augment,95.28301886792453,2.4959918028911225,96.5034965034965,0.9615447803942666,0.12715992352927
breast_cancer,logistic,tvae,synthetic_only,92.01781970649895,2.5158269982109647,93.93939393939394,0.9326394158833063,0.1667603191653988
breast_cancer,mlp,bootstrap,augment,96.20195667365478,1.6437949071880116,96.56177156177156,0.9631144882716517,0.21177160594128042
breast_cancer,mlp,bootstrap,synthetic_only,95.5861285814116,1.914873246757809,95.74592074592076,0.9547890472441347,0.23300369979139943
breast_cancer,mlp,copula,augment,96.61425576519916,2.28633659639562,97.2027972027972,0.9696791466635842,0.18964461030327928
breast_cancer,mlp,copula,synthetic_only,95.47606568832985,3.644141260716607,96.09557109557109,0.9577019229765543,0.20437844109643852
breast_cancer,mlp,ctgan,augment,96.38277428371768,0.991391835372781,96.91142191142191,0.9666647956964621,0.15756467798844945
breast_cancer,mlp,ctgan,synthetic_only,89.30817610062893,3.4602747260975306,89.91841491841491,0.8924191701310816,0.7009904488834255
breast_cancer,mlp,ctgan_one_mode,augment,96.36443046820405,1.366674763975539,96.96969696969697,0.9672616454803342,0.1576351871175868
breast_cancer,mlp,ctgan_one_mode,synthetic_only,74.12997903563941,5.131653576573382,74.06759906759906,0.7122240992777259,1.3882306833099605
breast_cancer,mlp,ctgan_unpacked,augment,96.64133473095737,1.4432670330263455,96.91142191142191,0.966940439880133,0.1795182147754432
breast_cancer,mlp,ctgan_unpacked,synthetic_only,90.59835779175401,3.598811192001101,90.85081585081586,0.9032898582986538,0.3963779495651529
breast_cancer,mlp,ddpm,augment,96.19671558350804,1.7011603620781535,96.27039627039628,0.9603664019656423,0.18097665167829735
breast_cancer,mlp,ddpm,synthetic_only,94.9834032145353,2.0798814627394813,94.58041958041959,0.9431132831492498,0.22554607795664058
breast_cancer,mlp,ddpm_standardized,augment,95.7058001397624,2.893070288186568,95.57109557109557,0.953474512971316,0.18969471268167737
breast_cancer,mlp,ddpm_standardized,synthetic_only,94.20597484276728,2.975336687034734,93.76456876456876,0.9347682992706009,0.2851748043891101
breast_cancer,mlp,ddpm_unconditional,augment,87.34626135569532,2.1375462381165886,90.0932400932401,0.8880389908009795,0.2879517610672914
breast_cancer,mlp,ddpm_unconditional,synthetic_only,46.69287211740041,4.512835032902647,51.57342657342657,0.4599255835547116,1.069834956715665
breast_cancer,mlp,mixture_support,augment,96.21593291404614,1.8922603771178061,96.62004662004662,0.9635789708106116,0.18533504828636224
breast_cancer,mlp,mixture_support,synthetic_only,95.00349406009784,1.6571220057431824,95.33799533799532,0.9500592775193896,0.23907881360438465
breast_cancer,mlp,mixture_uniform,augment,95.36512928022361,1.3222054456967398,96.03729603729603,0.9571218900422909,0.199378430024116
breast_cancer,mlp,mixture_uniform,synthetic_only,93.25995807127883,2.6250066841211264,93.99766899766901,0.9350922215577983,0.3106483087166989
breast_cancer,mlp,mixture_utility,augment,95.77131376659679,1.3801202903535588,95.97902097902097,0.9571148430947773,0.1654940278776686
breast_cancer,mlp,mixture_utility,synthetic_only,95.43850454227814,2.514967475421755,95.8041958041958,0.9549680305365372,0.17495375145516023
breast_cancer,mlp,mixture_utility_support,augment,96.07704402515724,0.7694011375626051,96.44522144522143,0.9617866980001407,0.2213541077702286
breast_cancer,mlp,mixture_utility_support,synthetic_only,94.67505241090147,1.9725081424500384,95.04662004662005,0.9468281412281617,0.2701642616596877
breast_cancer,mlp,real_only,real_only,96.30852550663872,1.5546908649807907,96.73659673659674,0.9648743835175875,0.2050947755426689
breast_cancer,mlp,smote,augment,95.64203354297693,2.0229589594294466,95.97902097902099,0.9570022988019365,0.2155877809418418
breast_cancer,mlp,smote,synthetic_only,96.03511530398322,2.6403171808549875,96.27039627039628,0.9601231971303216,0.2101465885548556
breast_cancer,mlp,tvae,augment,94.9074074074074,1.3495281312478984,95.74592074592073,0.9538164673045563,0.23198995146547727
breast_cancer,mlp,tvae,synthetic_only,92.03092243186583,2.937728039586274,93.58974358974358,0.9294181075340592,0.4367516479342941
wine,logistic,bootstrap,augment,98.76543209876543,1.069167165165972,98.51851851851853,0.9864823348694317,0.09452895764360132
wine,logistic,bootstrap,synthetic_only,98.76543209876543,1.069167165165972,98.51851851851853,0.9864823348694317,0.0948363296598942
wine,logistic,copula,augment,98.76543209876543,1.069167165165972,98.51851851851853,0.9864823348694317,0.09225716158050186
wine,logistic,copula,synthetic_only,98.76543209876543,1.069167165165972,98.51851851851853,0.9864823348694317,0.1042695939178019
wine,logistic,ctgan,augment,95.77160493827162,3.593658362979498,95.18518518518519,0.9546511525055495,0.17852585144393462
wine,logistic,ctgan,synthetic_only,92.6543209876543,2.1937476103601004,91.85185185185185,0.9220955937582271,0.30878405673897835
wine,logistic,ctgan_one_mode,augment,98.54938271604938,1.297398120801459,98.51851851851853,0.9851862759615336,0.12956157127553236
wine,logistic,ctgan_one_mode,synthetic_only,90.98765432098766,1.0651502423911952,90.37037037037035,0.9068054024298284,0.2144093744113124
wine,logistic,ctgan_unpacked,augment,98.76543209876543,1.069167165165975,98.51851851851853,0.9859588566609441,0.09153047994158808
wine,logistic,ctgan_unpacked,synthetic_only,95.49382716049382,1.9801253002895591,94.81481481481481,0.9505321757418859,0.13727117580035045
wine,logistic,ddpm,augment,99.07407407407408,0.9259259259259245,98.88888888888889,0.9898617511520738,0.09382421224432468
wine,logistic,ddpm,synthetic_only,98.61111111111111,0.46296296296295947,98.51851851851853,0.9859447907133742,0.1002171429343518
wine,logistic,ddpm_standardized,augment,99.07407407407408,0.9259259259259245,98.88888888888889,0.9898617511520738,0.09594738141687607
wine,logistic,ddpm_standardized,synthetic_only,99.07407407407408,0.9259259259259245,98.88888888888889,0.9898617511520738,0.10198803418294987
wine,logistic,ddpm_unconditional,augment,92.28395061728395,5.223349409916056,92.22222222222221,0.9236618050136292,0.4694076655969486
wine,logistic,ddpm_unconditional,synthetic_only,36.635802469135804,5.142293944746319,39.62962962962963,0.3431561322941403,1.0799244177348641
wine,logistic,mixture_support,augment,97.77777777777777,1.335389361282964,97.40740740740742,0.9758014502687505,0.11204048309020587
wine,logistic,mixture_support,synthetic_only,96.17283950617285,2.381148336047645,95.55555555555556,0.9573955141042756,0.13661841240920594
wine,logistic,mixture_uniform,augment,97.8395061728395,1.4143752144925446,97.40740740740742,0.9758392442998706,0.1262884043082472
wine,logistic,mixture_uniform,synthetic_only,96.23456790123456,2.5548397637746723,95.55555555555557,0.9585436753842825,0.16430464924227575
wine,logistic,mixture_utility,augment,97.1604938271605,0.8350462505227607,96.66666666666667,0.9690612541903191,0.1289032084677647
wine,logistic,mixture_utility,synthetic_only,95.77160493827161,0.47514828143026333,95.18518518518518,0.9549851388106809,0.17476704207248162
wine,logistic,mixture_utility_support,augment,98.4567901234568,1.4143752144925434,98.14814814814815,0.9831215550736424,0.10723287078570017
wine,logistic,mixture_utility_support,synthetic_only,97.06790123456791,2.7127154060566228,96.66666666666669,0.9684672157357991,0.12221981040965595
wine,logistic,real_only,real_only,98.76543209876543,1.069167165165972,98.51851851851853,0.9864823348694317,0.09492626239148949
wine,logistic,smote,augment,98.76543209876543,1.069167165165972,98.51851851851853,0.9864823348694317,0.09752986833672767
wine,logistic,smote,synthetic_only,98.76543209876543,1.069167165165972,98.51851851851853,0.9864823348694317,0.11018035387587478
wine,logistic,tvae,augment,98.76543209876543,0.5345835825829828,98.51851851851853,0.9864823348694317,0.1218390789967223
wine,logistic,tvae,synthetic_only,95.55555555555556,0.6676946806414843,94.81481481481481,0.9497768802490825,0.17415894649673927
wine,mlp,bootstrap,augment,98.76543209876543,1.069167165165972,98.51851851851853,0.9864823348694317,0.06547141664456846
wine,mlp,bootstrap,synthetic_only,98.91975308641975,0.9637342590120964,98.70370370370371,0.9881720430107528,0.06491355157962672
wine,mlp,copula,augment,97.80864197530865,1.5777009776706226,97.5925925925926,0.9775009664438231,0.10510694825324453
wine,mlp,copula,synthetic_only,97.53086419753086,2.330195813355174,97.22222222222223,0.9741752225455612,0.1327891500668942
wine,mlp,ctgan,augment,95.4320987654321,4.082832896743915,94.81481481481482,0.951636770688372,0.20666371052651988
wine,mlp,ctgan,synthetic_only,89.6604938271605,0.949168167572945,88.7037037037037,0.8921958433184524,0.5365265026007018
wine,mlp,ctgan_one_mode,augment,96.23456790123456,3.3401850020910318,95.92592592592592,0.9598344987641759,0.1057301810446658
wine,mlp,ctgan_one_mode,synthetic_only,90.0,1.7148388127270524,89.62962962962963,0.8954342395877465,0.33046069501532443
wine,mlp,ctgan_unpacked,augment,97.62345679012347,1.1577160082414208,97.22222222222223,0.973604168054865,0.06673391811214763
wine,mlp,ctgan_unpacked,synthetic_only,94.78395061728394,3.3542723679550877,93.8888888888889,0.9409447163938948,0.1680293738984183
wine,mlp,ddpm,augment,98.36419753086419,1.4532416502461174,98.14814814814815,0.9819485268756791,0.08012147697229177
wine,mlp,ddpm,synthetic_only,97.62345679012347,1.1577160082414184,97.22222222222223,0.973585211464909,0.09983527605778607
wine,mlp,ddpm_standardized,augment,98.67283950617283,1.1577160082414208,98.51851851851853,0.9864256438227518,0.06923700080768118
wine,mlp,ddpm_standardized,synthetic_only,97.90123456790121,1.0199204717196462,97.5925925925926,0.9772397628120763,0.09428352436277408
wine,mlp,ddpm_unconditional,augment,85.32407407407408,8.981004187394175,85.74074074074075,0.8570241261874026,0.4584365801009979
wine,mlp,ddpm_unconditional,synthetic_only,41.49691358024691,12.385131791115931,42.96296296296296,0.40510499617232515,1.2689048143046853
wine,mlp,mixture_support,augment,96.4506172839506,0.7010997957778167,95.92592592592592,0.9612505726786574,0.12649713084522388
wine,mlp,mixture_support,synthetic_only,94.89197530864199,1.6961975684245654,94.07407407407406,0.943465351725251,0.1752807340565027
wine,mlp,mixture_uniform,augment,96.26543209876543,1.2434096962026975,95.55555555555556,0.9581407278679576,0.13842007591633773
wine,mlp,mixture_uniform,synthetic_only,94.61419753086419,2.7075748120037564,94.07407407407406,0.9438076626638239,0.2057707808608463
wine,mlp,mixture_utility,augment,94.75308641975309,1.2434096962026908,94.07407407407408,0.9442937980250633,0.16626578135768214
wine,mlp,mixture_utility,synthetic_only,94.19753086419753,1.4174027781734635,93.33333333333333,0.9367531900310241,0.25933369180716276
wine,mlp,mixture_utility_support,augment,96.26543209876543,1.8386877788403038,95.74074074074076,0.9603813582610558,0.1068966486639455
wine,mlp,mixture_utility_support,synthetic_only,95.32407407407408,1.348963174475333,94.81481481481481,0.951101072173273,0.1295749702566751
wine,mlp,real_only,real_only,98.76543209876543,1.069167165165972,98.51851851851853,0.9864823348694317,0.06866294260543092
wine,mlp,smote,augment,98.76543209876543,1.069167165165972,98.51851851851853,0.9864823348694317,0.07620423876242118
wine,mlp,smote,synthetic_only,98.61111111111111,1.2248848662336058,98.33333333333334,0.9845308876238668,0.09167872932808636
wine,mlp,tvae,augment,95.74074074074073,2.557634688320949,95.18518518518519,0.9533070499863668,0.12726856392612385
wine,mlp,tvae,synthetic_only,92.76234567901234,2.091205975640851,91.85185185185185,0.9218141933309254,0.269745703331237
