seed,method,tree_ba,linear_ba,tree_correct,near_fraction,rare_class_recall,copies,unique_rows,hard_pass,numeric_ks,conditional_ks,query_mean_error,query_max_error,tail_mean_error,pooled_distance_ks,pooled_distance_median_ratio,conditional_distance_ks,conditional_near_fraction,conditional_below_median,class_1_recall,class_2_recall,class_3_recall,class_4_recall,class_5_recall,class_6_recall,class_7_recall
17,neighbor_raw,0.8700413483870265,0.51372871226889,105159,0.5374093062086337,0.8163265306122449,4,348119,1.0,0.008039558665253667,0.022055559691907162,0.0017214468903499593,0.02571303657532331,0.0020714581814513535,0.586075887383893,0.39258807973290116,0.6111951061040284,0.55922613399127,0.9451835025621557,0.8730425320527984,0.9297561318434183,0.9362717574396406,0.8163265306122449,0.7370390165686799,0.8654734411085451,0.9323800290838584
17,neighbor_rank,0.8691413361949635,0.511266106859041,105193,0.46543379532537876,0.7959183673469388,7,348536,1.0,0.002718389457150361,0.016100484106755113,0.000686232365536723,0.003925155826370708,0.0015894262338506284,0.5566900290317806,0.4526001030119775,0.5828939753819082,0.4935797826912128,0.9378914405010439,0.8768037091356389,0.927120669056153,0.9393599101628298,0.7959183673469388,0.7498663816141101,0.8622979214780601,0.932622394571013
17,adaptive_beta,0.8576957384344924,0.5076070557877328,104270,0.05706859305204511,0.764378478664193,2,348563,1.0,0.002718389457150361,0.016100484106755113,0.0007132432989222127,0.004775796575480162,0.0015894262338506284,0.18984032586597877,0.8207108057817956,0.22066772400245616,0.05898000094894666,0.7096252846840008,0.867057766002744,0.9200927682901118,0.9355699045480067,0.764378478664193,0.7284874398717264,0.8617205542725174,0.9265632573921474
29,neighbor_raw,0.8706924598840231,0.5139810986763884,104945,0.5386372047520821,0.8200371057513914,5,348125,1.0,0.008151316442958894,0.02163528259354241,0.0017117024436450394,0.026699945685010773,0.0020523442513400783,0.5861741047552823,0.39180539832714734,0.6115197239995733,0.560213631618903,0.944996678686658,0.872735014429673,0.9260489141893317,0.9387984278495227,0.8200371057513914,0.7487974345269909,0.855080831408776,0.933349491032477
29,neighbor_rank,0.8717789056059653,0.5109062345688773,105114,0.46790967486508894,0.8070500927643784,12,348536,1.0,0.002718389457150361,0.016100484106755113,0.0006960475211169209,0.003962451810167078,0.0015894262338506284,0.5568029946355906,0.4504403997886171,0.5823411915874864,0.49535312677927507,0.9374110362497627,0.877347778776553,0.9245203457727177,0.9396406513194835,0.8070500927643784,0.7477284874398717,0.8689376443418014,0.9372273388269511
29,adaptive_beta,0.8643810278031924,0.5076097619230566,104243,0.056973918631639045,0.8126159554730983,2,348563,1.0,0.002718389457150361,0.016100484106755113,0.0007168594154611462,0.0048733399177167125,0.0015894262338506284,0.18837682985067217,0.8218052041928052,0.2198062934932566,0.05931213228316571,0.7085280650977418,0.8649761082462033,0.9204617330803289,0.9351487928130264,0.8126159554730983,0.7215392838054516,0.8640300230946882,0.9318952981095492
41,neighbor_raw,0.8630648197259985,0.5141934991267807,105001,0.5373117628663971,0.7866419294990723,4,348127,1.0,0.008229761777031802,0.021855172470742357,0.001729001560615873,0.027176186708871564,0.002067275819301969,0.5855698185906356,0.39287927638797276,0.611298007180034,0.5596353672423608,0.9456461140633897,0.8774897099872262,0.9248893105629349,0.93542953396968,0.7866419294990723,0.7295563869588455,0.8504618937644342,0.9369849733397965
41,neighbor_rank,0.8654024553180413,0.5108279766380904,104904,0.46601044861330665,0.7810760667903525,10,348528,1.0,0.002718389457150361,0.016100484106755113,0.0006906554101112357,0.004080077605217003,0.0015894262338506284,0.5561813221347411,0.4518212676527082,0.5821953327150662,0.49434190548491186,0.9378113731258307,0.87384680891328,0.9249420198186802,0.9337450870297586,0.7810760667903525,0.7439871726349546,0.8666281755196305,0.9335918565196316
41,adaptive_beta,0.8635417139466324,0.5071850058725086,103949,0.05714605394146826,0.8014842300556586,2,348563,1.0,0.002718389457150361,0.016100484106755113,0.0007150141055244231,0.004500380079753397,0.0015894262338506284,0.188523144864027,0.8215738763645157,0.21987318899078967,0.05895924274055799,0.7082760011387365,0.8625869328665373,0.9169302129453932,0.9329028635597979,0.8014842300556586,0.7316942811330839,0.8677829099307159,0.93141056713524
