prediction,p_class_0,p_class_1,p_class_2
1,2.4304450562340207e-05,0.9999210834503174,5.4553394875256345e-05
2,2.793584144455963e-06,3.444341564318165e-05,0.9999628067016602
1,5.3888667025603354e-05,0.9997826218605042,0.0001635631633689627
2,8.045361755648628e-05,0.046011295169591904,0.9539082646369934
1,1.0706890861911234e-05,0.9999761581420898,1.3120058611093555e-05
0,0.9999901056289673,7.792383257765323e-06,2.114599737979006e-06
2,5.085568091089954e-07,7.126386481104419e-05,0.9999282360076904
0,1.0,2.114723329782464e-08,6.741628588713411e-09
0,0.9999847412109375,9.299496014136821e-06,5.910600975767011e-06
0,0.9999991655349731,6.182633569551399e-07,2.8505269256129395e-07
2,5.21244544415822e-07,6.136410229373723e-05,0.9999381303787231
2,3.0532723940268625e-06,5.194264667807147e-05,0.9999450445175171
0,0.9991148114204407,0.0008050776086747646,8.010353485587984e-05
1,7.183558636825182e-07,0.999992847442627,6.452040452131769e-06
0,1.0,2.884980254691527e-09,1.605730215459289e-09
2,4.988701221009251e-07,1.1434523912612349e-05,0.9999880790710449
1,0.00010865757940337062,0.9995754361152649,0.00031587688135914505
1,0.00011179537250427529,0.9996579885482788,0.00023019500076770782
1,4.53417633252684e-05,0.9999139308929443,4.070864451932721e-05
2,4.678338996200182e-07,1.1096198250015732e-05,0.9999884366989136
0,0.9999960660934448,2.8910767468914855e-06,1.1233973964408506e-06
1,5.377992806643306e-08,0.9999996423721313,3.402677180019964e-07
1,5.815636177430861e-05,0.9998601675033569,8.163577876985073e-05
1,4.850590994465165e-05,0.9999061822891235,4.5264165237313136e-05
1,1.0364527042838745e-05,0.9999464750289917,4.320414882386103e-05
0,0.9999511241912842,3.845959508907981e-05,1.0430117072246503e-05
1,8.491095286444761e-06,0.9999686479568481,2.2862357582198456e-05
1,1.1075735528720543e-05,0.999966025352478,2.28426815738203e-05
0,1.0,2.8232568283215187e-08,9.705334313991898e-09
1,1.1714684688968191e-07,0.9999984502792358,1.4336708318296587e-06
1,0.00021149922395125031,0.9997465014457703,4.200057446723804e-05
2,1.006789602797653e-06,0.037206586450338364,0.9627923965454102
1,1.1135742170154117e-05,0.9999713897705078,1.7552745703142136e-05
1,3.7126287111277634e-07,0.9999971389770508,2.534429768275004e-06
2,8.651451935293153e-05,0.142709881067276,0.8572036027908325
1,0.00043849516077898443,0.9983793497085571,0.0011822147062048316
0,0.9999997615814209,1.3781259156075976e-07,7.448369387930143e-08
1,4.407497272040928e-06,0.9999821186065674,1.3468546967487782e-05
0,0.9999943971633911,4.7487715164606925e-06,8.61948592500994e-07
1,0.08783337473869324,0.9120709300041199,9.570880501996726e-05
1,0.0002478357346262783,0.9996809959411621,7.12017499608919e-05
2,0.00019569331197999418,0.002912782598286867,0.9968915581703186
2,6.509077365990379e-07,2.422511715849396e-05,0.9999750852584839
2,0.00016313412925228477,0.3998228907585144,0.6000139713287354
1,8.02174981799908e-05,0.9996453523635864,0.0002744206285569817
2,1.5142693428060738e-06,2.905534529418219e-05,0.999969482421875
0,0.999997615814209,1.7530293234813143e-06,6.160158818602213e-07
2,3.8136427065182943e-06,4.569657539832406e-05,0.9999505281448364
0,0.999886155128479,8.723290375201032e-05,2.6623518351698294e-05
1,0.00016218828386627138,0.9990397095680237,0.0007980476948432624
1,5.448406454888755e-07,0.9999961853027344,3.2562807064095978e-06
0,0.9999995231628418,3.6705040429296787e-07,1.140566183721603e-07
0,0.9999980926513672,1.328619532614539e-06,6.130290444161801e-07
1,0.0008508297032676637,0.9989678859710693,0.0001812412665458396
0,1.0,1.4085777877426153e-08,4.835018607707298e-09
2,3.949267579628213e-07,1.6296526155201718e-05,0.9999833106994629
1,0.00027197340386919677,0.9994243383407593,0.00030371281900443137
0,0.9999998807907104,9.284066493364662e-08,3.294972117373618e-08
0,1.0,1.037719155050354e-08,3.857651975636145e-09
0,0.9999860525131226,9.748498086992186e-06,4.166309736319818e-06
1,2.6857251214096323e-05,0.9999219179153442,5.121889626025222e-05
2,3.966343683714513e-06,0.017757833003997803,0.982238233089447
1,3.608586484915577e-05,0.9999277591705322,3.608906627050601e-05
1,0.00015779328532516956,0.9997501969337463,9.205747483065352e-05
2,6.497238587144238e-07,1.075208820111584e-05,0.9999885559082031
2,4.377209279482486e-06,0.0001360362657578662,0.9998595714569092
1,2.2051359337638132e-05,0.9999401569366455,3.781430859817192e-05
0,0.9999998807907104,1.3105150742376281e-07,4.23371808722095e-08
1,2.2628080841968767e-05,0.9999425411224365,3.482350439298898e-05
1,4.380492555355886e-06,0.9999847412109375,1.0829453458427452e-05
2,3.493682743282989e-05,0.0016482739010825753,0.998316764831543
0,1.0,4.239763029545429e-08,2.1114225035034906e-08
1,3.256748186686309e-06,0.9999918937683105,4.842564521823078e-06
1,8.935531695897225e-06,0.9999713897705078,1.963522663572803e-05
1,7.964938413351774e-05,0.9998669624328613,5.340445204637945e-05
1,6.568650405824883e-06,0.9999595880508423,3.389376070117578e-05
1,2.3200647092380677e-07,0.9999982118606567,1.5648515727662016e-06
0,1.0,7.502516385926583e-10,1.914321479112857e-10
1,3.6848211948381504e-07,0.9999986886978149,9.499794941802975e-07
2,1.3070981367491186e-05,0.009066183120012283,0.9909207820892334
2,2.0527936328562646e-07,5.2909235819242895e-06,0.9999945163726807
1,9.217116166837513e-05,0.9995930790901184,0.00031468603992834687
1,5.319414867699379e-06,0.9999691247940063,2.5531584469717927e-05
2,2.5982773877331056e-05,0.0005003433907404542,0.9994737505912781
1,3.389345920368214e-06,0.9999960660934448,6.51904144888249e-07
0,0.9994238615036011,0.0004367627261672169,0.00013937879703007638
1,1.0282922630722169e-05,0.9999641180038452,2.559259519330226e-05
1,3.3985757909249514e-05,0.999937891960144,2.814800427586306e-05
0,0.9999967813491821,2.3496347694162978e-06,8.108211204671534e-07
0,0.9999759197235107,1.4815169379289728e-05,9.273536306864116e-06
1,0.0030929152853786945,0.9947956204414368,0.002111522713676095
2,6.199521180860756e-07,1.0485365237400401e-05,0.9999889135360718
0,0.9999902248382568,7.44704175303923e-06,2.357940729780239e-06
0,1.0,1.4464740516473285e-08,3.0788753768717925e-09
1,4.8759586206870154e-05,0.999920129776001,3.1140494684223086e-05
0,1.0,1.4875815246284674e-08,5.154169535614983e-09
0,0.9996378421783447,0.0002893924538511783,7.279132114490494e-05
2,7.330934295168845e-06,0.11180289834737778,0.8881897926330566
0,1.0,3.2093083746076445e-08,1.0825244700640724e-08
1,1.273844077331887e-06,0.9999910593032837,7.671939783904236e-06
0,0.9999991655349731,6.387194844137412e-07,2.6920639584204764e-07
1,7.087303401931422e-06,0.99997878074646,1.4162439583742525e-05
0,0.9999998807907104,8.361914183296904e-08,3.2545354855528785e-08
2,1.1070064829254989e-05,0.00017925487190950662,0.9998096823692322
2,3.653669045888819e-05,0.0012444243766367435,0.9987190961837769
0,0.999993085861206,4.859010914515238e-06,2.077185399684822e-06
2,1.8013657836490893e-06,2.8214053600095212e-05,0.9999699592590332
0,0.9999995231628418,3.875826735111332e-07,1.425306805913351e-07
1,5.815550139232073e-06,0.9999784231185913,1.5684459867770784e-05
2,7.689660463938708e-08,1.8691758896238753e-06,0.9999980926513672
1,2.2246731532504782e-05,0.9999146461486816,6.310605385806412e-05
0,0.9996050000190735,0.0003055650449823588,8.943189459387213e-05
2,3.663166580736288e-06,5.660028909915127e-05,0.9999396800994873
1,1.3114810826664325e-05,0.9999775886535645,9.242428859579377e-06
2,2.3470941812320234e-07,4.751515916723292e-06,0.9999949932098389
2,2.420625605736859e-05,0.00032645181636326015,0.9996492862701416
1,1.9648523164050857e-07,0.999998927116394,8.932287869356514e-07
2,1.6277934378194914e-07,5.035561116528697e-06,0.9999947547912598
0,0.9999997615814209,1.4043290263998642e-07,7.54691313886724e-08
1,1.0304039278707933e-05,0.9999679327011108,2.1796557120978832e-05
0,0.9999996423721313,2.596651142994233e-07,8.83852919741912e-08
1,3.956555883632973e-05,0.9999072551727295,5.3221785492496565e-05
0,0.9999905824661255,7.282530077645788e-06,2.179043121941504e-06
1,3.5207322071073577e-06,0.9999792575836182,1.7170341379824094e-05
1,8.015365165192634e-05,0.9996922016143799,0.0002276081795571372
2,7.442733931384282e-07,2.1553843907895498e-05,0.999977707862854
0,0.9969087243080139,0.0029834473971277475,0.00010781526361824945
0,0.999981164932251,1.5179690308286808e-05,3.659777803477482e-06
2,8.173881127504501e-08,2.3172519831859972e-06,0.999997615814209
0,0.9999022483825684,7.46460646041669e-05,2.312257311132271e-05
1,2.238345769001171e-05,0.9998428821563721,0.0001346264616586268
2,2.894138901865517e-07,1.359492580377264e-05,0.9999861717224121
2,3.029919355412858e-07,1.0175183888350148e-05,0.9999895095825195
1,8.372408774448559e-05,0.9998517036437988,6.456814298871905e-05
0,1.0,1.7332315138673948e-08,7.930197831740315e-09
2,1.5560173778794706e-05,0.0002512254868634045,0.9997331500053406
0,1.0,5.1508010301404283e-08,2.4073772308952357e-08
0,0.9999998807907104,1.1563787438717554e-07,4.2452324322539425e-08
1,2.8526342248369474e-06,0.9999890327453613,8.071652700891718e-06
1,3.711990939336829e-05,0.9999215602874756,4.139425800531171e-05
1,0.4518185555934906,0.5481071472167969,7.428954995702952e-05
2,1.8151003189359471e-07,6.8348053900990635e-06,0.9999929666519165
2,4.250352390045009e-07,1.837447052821517e-05,0.999981164932251
1,7.12006203684723e-06,0.9999659061431885,2.6953501219395548e-05
1,5.275049261399545e-06,0.9999566078186035,3.816698881564662e-05
0,0.9997672438621521,0.00020673991821240634,2.5934174118447118e-05
0,1.0,7.875962104719747e-09,5.899475574722146e-09
2,9.745795068738516e-07,0.00010373396071372554,0.9998953342437744
2,6.096514937325992e-08,2.5541278318996774e-06,0.9999973773956299
0,0.9999983310699463,1.3412397947831778e-06,3.7247122008920996e-07
2,0.00024194350407924503,0.0008135318057611585,0.9989445805549622
2,1.3366859548114007e-06,0.0006803333526477218,0.9993183612823486
1,3.618830790586003e-09,0.9999998807907104,7.923170386447964e-08
2,4.708522737928433e-06,0.0001347671786788851,0.9998605251312256
1,1.582213917572517e-05,0.999947190284729,3.695991836139001e-05
0,0.9999997615814209,1.4481750554296013e-07,7.044204153316969e-08
2,1.9613888071035035e-05,0.0004791969549842179,0.9995012283325195
2,8.468740375633388e-09,2.322187356185168e-06,0.999997615814209
0,0.99992835521698,5.672934639733285e-05,1.4872133760945871e-05
1,9.023622624226846e-06,0.9999759197235107,1.5077793250384275e-05
1,1.0748865406640107e-06,0.9999964237213135,2.5546710276103113e-06
0,1.0,1.3752895711149904e-08,5.299888083953874e-09
0,0.9999969005584717,2.3105992568162037e-06,8.147713401740475e-07
2,5.032270564697683e-07,1.6093939848360606e-05,0.9999834299087524
1,0.0002648219233378768,0.9996463060379028,8.894591155694798e-05
1,2.0363075236673467e-05,0.9999418258666992,3.777331949095242e-05
2,1.4923851949788514e-06,2.66177758021513e-05,0.999971866607666
2,8.599052989666234e-07,0.041989706456661224,0.9580093622207642
1,1.5685993730585324e-06,0.999996542930603,1.886528139039001e-06
0,0.9999992847442627,5.631081876344979e-07,1.6545642722576304e-07
0,0.9982738494873047,0.001420478685759008,0.0003057431022170931
0,0.9999703168869019,2.2459678802988492e-05,7.228853519336553e-06
1,9.981353059629328e-07,0.9999972581863403,1.7363784081680933e-06
2,1.5637423302905518e-06,0.00010470403503859416,0.9998936653137207
1,3.646258119260892e-05,0.9998941421508789,6.934900011401623e-05
1,1.3008659152546898e-05,0.9999635219573975,2.3506112484028563e-05
2,6.404488522093743e-05,0.009152120910584927,0.9907838106155396
2,6.534939416269481e-07,1.4771041605854407e-05,0.999984622001648
1,2.809356089983339e-07,0.999998927116394,8.930882700042275e-07
0,0.9999974966049194,1.7043831803675857e-06,8.828253044157464e-07
0,0.9998449087142944,0.00010625037975842133,4.892775177722797e-05
0,1.0,1.3584013025536024e-08,6.735022761716891e-09
2,2.1398602711997228e-06,3.549370012478903e-05,0.999962329864502
1,1.0465491868671961e-06,0.9999967813491821,2.1958621800877154e-06
0,0.9999815225601196,1.2078510735591408e-05,6.391752776835347e-06
0,0.9999995231628418,4.0615023522150295e-07,8.480334656724153e-08
1,2.859337291738484e-05,0.999882698059082,8.86696288944222e-05
1,1.627911615287303e-06,0.9999934434890747,4.8489446271560155e-06
0,0.9999997615814209,2.256306714798484e-07,5.613569697970888e-08
1,1.773104258973035e-06,0.999995231628418,2.9329019071155926e-06
1,0.00010340871085645631,0.999745786190033,0.00015075295232236385
0,0.9999657869338989,2.6978983441949822e-05,7.297526281035971e-06
0,0.9998200535774231,0.0001483241794630885,3.175565507262945e-05
2,9.650208085076883e-05,0.01851457729935646,0.9813888669013977
1,1.2380840530568094e-07,0.999998927116394,9.832688192545902e-07
1,3.550960173015483e-05,0.9999371767044067,2.7280633730697446e-05
2,2.2451585834915022e-07,5.5054231779649854e-05,0.9999446868896484
2,1.040308347910468e-06,1.3316951481101569e-05,0.9999856948852539
0,1.0,3.5039960266658454e-08,1.3538230092535741e-08
1,8.147468906827271e-05,0.9996750354766846,0.00024350864987354726
0,0.9995939135551453,0.00029891578014940023,0.0001070977741619572
0,0.9999970197677612,2.3506954676122405e-06,6.039641675670282e-07
0,0.9999947547912598,4.147942490817513e-06,1.0877253089347505e-06
0,0.9999997615814209,1.2994090070606035e-07,6.197782198569257e-08
0,0.9999984502792358,1.0487780173207284e-06,5.277069021758507e-07
1,0.002360158134251833,0.9971580505371094,0.00048183323815464973
0,1.0,2.861777304019597e-08,3.547397042780176e-08
2,3.068401355221795e-08,5.4930237638473045e-06,0.9999945163726807
0,1.0,1.868772869784152e-08,5.7288405130861975e-09
0,0.9999998807907104,9.262876687898824e-08,2.4873651582879575e-08
1,2.896450496336911e-06,0.9999858140945435,1.1360066309862304e-05
1,0.00010266038589179516,0.9989930987358093,0.0009041931480169296
2,5.896807042660157e-09,3.8578789940402203e-07,0.9999996423721313
1,3.216729282939923e-08,0.9999998807907104,1.2431668494627957e-07
2,4.053430075146025e-06,0.005207701586186886,0.9947882890701294
0,1.0,2.3346888866626614e-09,8.124510508800142e-10
1,5.794845492346212e-05,0.9998397827148438,0.00010229831968899816
2,5.7659079175209627e-05,0.002740690018981695,0.997201681137085
0,1.0,1.4481939203392358e-08,6.240186589678842e-09
0,0.9999496936798096,3.756379010155797e-05,1.2747131222567987e-05
1,5.6524877436459064e-05,0.9998891353607178,5.439538290374912e-05
2,2.234206476714462e-05,0.0001375077699776739,0.9998401403427124
1,0.0012884592870250344,0.9984273910522461,0.0002841730311047286
1,8.113666990539059e-05,0.9996174573898315,0.00030140409944579005
0,0.9999730587005615,1.9727172912098467e-05,7.216722224256955e-06
1,1.96555247384822e-05,0.9999574422836304,2.2842181351734325e-05
1,1.704118403722532e-05,0.9999302625656128,5.266131483949721e-05
2,7.23912421563e-07,1.827145752031356e-05,0.9999810457229614
1,6.894723014738702e-07,0.9999823570251465,1.697904554021079e-05
2,6.807865560176651e-08,0.0003207202535122633,0.9996792078018188
0,0.9999508857727051,3.44713989761658e-05,1.4628968528995756e-05
0,0.9998099207878113,0.000131368258735165,5.871393659617752e-05
0,0.9999994039535522,4.147449601532571e-07,2.0728023741867219e-07
1,4.950130460201763e-06,0.9999926090240479,2.43821909862163e-06
1,3.7719171814387664e-05,0.999887228012085,7.509863644372672e-05
2,9.537626510791597e-08,2.153961531803361e-06,0.9999977350234985
2,9.416114153282251e-06,0.0023418122436851263,0.9976487755775452
2,2.358681570058252e-07,5.7605793699622154e-06,0.9999940395355225
1,2.387193092090456e-07,0.9999951124191284,4.660946615331341e-06
1,2.1857060801266925e-06,0.9999853372573853,1.2549845450848807e-05
2,3.3025810353137786e-07,8.223487384384498e-06,0.9999914169311523
1,8.109557825264346e-07,0.999993085861206,6.031775683368323e-06
0,0.9998877048492432,9.312372276326641e-05,1.91716208064463e-05
2,1.5820763792362413e-06,2.1258114429656416e-05,0.9999771118164062
1,1.168212475022301e-05,0.9999721050262451,1.6234498616540805e-05
2,3.734552819878445e-06,0.001754895318299532,0.9982414245605469
0,1.0,4.983099799460433e-08,1.961937989847229e-08
2,1.0507906154089142e-05,0.003642932279035449,0.9963465332984924
2,2.5148976419586688e-05,0.0006745218997821212,0.9993003606796265
1,3.455107071204111e-05,0.9999306201934814,3.484198896330781e-05
0,1.0,9.739543616049673e-10,6.86830092799795e-10
1,0.00013790368393529207,0.9996920824050903,0.0001700779830571264
1,0.00010949988791253418,0.999813973903656,7.64802098274231e-05
0,0.9999727010726929,1.4428754184336867e-05,1.2820085430576e-05
1,9.595944720786065e-05,0.9988526105880737,0.0010513922898098826
1,1.368798507428437e-06,0.9999954700469971,3.2134100820258027e-06
1,2.4530963855795562e-06,0.99998939037323,8.16370993561577e-06
0,0.9999996423721313,2.091683626304075e-07,1.1586193693347013e-07
1,0.0010795537382364273,0.9988312125205994,8.922538836486638e-05
1,0.00014335513697005808,0.9996490478515625,0.0002075506781693548
2,3.472935929949017e-07,9.088208571483847e-06,0.9999905824661255
0,0.9999936819076538,4.413933311298024e-06,1.8540733890404226e-06
1,0.00037400866858661175,0.999606192111969,1.9750086721614935e-05
0,0.9999991655349731,6.400725851563038e-07,2.3610927257777803e-07
2,1.861238274614152e-06,0.0002816575870383531,0.9997164607048035
0,0.9999865293502808,9.426934411749244e-06,4.032155629829504e-06
1,0.000648546265438199,0.9939873218536377,0.005364107433706522
0,0.9984613656997681,0.0012825167505070567,0.0002561133587732911
0,1.0,1.6221168408492304e-08,6.632945748208385e-09
1,0.0005065189325250685,0.998424768447876,0.0010687008034437895
2,3.983900569437537e-06,0.0009355259826406837,0.9990604519844055
1,1.930194684973685e-06,0.999916672706604,8.138797420542687e-05
1,2.420766122668283e-06,0.9999785423278809,1.9020164472749457e-05
0,0.9999076128005981,7.627707236679271e-05,1.606329533387907e-05
1,4.958536123922386e-07,0.9999951124191284,4.454731424630154e-06
1,8.257297281488718e-07,0.9999969005584717,2.2479378003481543e-06
0,0.9999988079071045,7.226278171401646e-07,4.298599094454403e-07
1,6.799089533160441e-06,0.9995784163475037,0.00041483694803901017
1,1.3506980849342654e-06,0.9999959468841553,2.772251036731177e-06
0,0.999974250793457,1.9215091015212238e-05,6.603027031815145e-06
1,2.4802642428767285e-07,0.9999985694885254,1.233299599334714e-06
0,0.9999945163726807,3.6479789287113817e-06,1.731026713969186e-06
1,9.938045877788682e-06,0.9999562501907349,3.3818836527643725e-05
0,0.9999997615814209,2.4105159468490456e-07,4.56923459069003e-08
1,3.14380886266008e-05,0.9999374151229858,3.11591247736942e-05
1,0.00018339611415285617,0.9995772242546082,0.00023937755031511188
0,0.9999935626983643,5.042782959208125e-06,1.4192753496899968e-06
0,0.999961256980896,3.1654577469453216e-05,7.021418241492938e-06
0,0.9999995231628418,3.756186117698235e-07,1.2672613536324207e-07
2,2.2387512217392214e-06,0.008525468409061432,0.9914723038673401
0,1.0,1.9414306606790888e-08,1.1208441286214565e-08
1,1.1877534234372433e-05,0.9999604225158691,2.7685078748618253e-05
2,5.489250270329649e-06,7.497404294554144e-05,0.9999195337295532
2,1.3375311880281515e-07,1.5749452359159477e-05,0.9999841451644897
0,0.9999998807907104,9.29840382468683e-08,3.804647263905281e-08
2,2.3311331460718066e-06,7.370662206085399e-05,0.9999239444732666
2,3.4636323107406497e-06,5.674942076439038e-05,0.9999397993087769
1,5.54489488422405e-05,0.9998675584793091,7.700615242356434e-05
1,0.0004138559743296355,0.9991132616996765,0.00047280831495299935
0,1.0,2.553608347000136e-08,7.995886619482917e-09
1,3.4705112739175092e-06,0.9999879598617554,8.614947546448093e-06
0,0.9998880624771118,9.187237446894869e-05,1.9993220121250488e-05
2,9.116409671605652e-08,2.8195761387905804e-06,0.9999971389770508
1,1.0715929192883777e-06,0.9999974966049194,1.3865393384548952e-06
1,0.0001504809915786609,0.9997665286064148,8.296167652588338e-05
2,5.102631348563591e-07,1.2771855836035684e-05,0.9999867677688599
1,2.4237771867774427e-05,0.9996657371520996,0.00031010116799734533
0,0.9998571872711182,0.00012792268535122275,1.4841719348623883e-05
0,0.9998857975006104,9.836565732257441e-05,1.5897470802883618e-05
0,0.9999967813491821,1.9228052678954555e-06,1.2978997574464302e-06
2,5.424076789495302e-06,7.696992543060333e-05,0.9999176263809204
0,0.9996477365493774,0.0003148257383145392,3.738182567758486e-05
1,0.00013109705469105393,0.9997050166130066,0.00016389366646762937
0,1.0,5.9914873062894e-09,1.4628429578777968e-09
2,3.481900648694136e-06,6.436005787691101e-05,0.9999321699142456
2,2.603615712359897e-06,4.0494869608664885e-05,0.9999568462371826
1,1.6874790844667586e-06,0.9999929666519165,5.31495743416599e-06
1,3.4646320273168385e-05,0.9998893737792969,7.597049261676148e-05
2,5.235962703409314e-07,1.0417122211947571e-05,0.9999890327453613
1,0.0001077852284652181,0.9996894598007202,0.0002027993177762255
1,1.1456810170784593e-05,0.99996018409729,2.8374328394420445e-05
0,0.9998185038566589,0.00015158568567130715,2.9958615414216183e-05
1,9.448147466173396e-06,0.9999511241912842,3.944759373553097e-05
0,0.9999946355819702,3.7795873595314333e-06,1.506760327174561e-06
0,0.9999982118606567,1.4900879250490107e-06,3.428127115512325e-07
0,1.0,1.360641732617296e-08,7.131765400458789e-09
2,1.3012534509471152e-05,0.00013557109923567623,0.9998513460159302
0,0.9999996423721313,1.81193016146608e-07,7.926418277293124e-08
1,2.1348304812818242e-07,0.9999984502792358,1.3193143786338624e-06
0,0.9995228052139282,0.0003844513848889619,9.264690015697852e-05
2,4.7389212909365597e-07,8.776378308539279e-06,0.999990701675415
1,0.0002729254774749279,0.9992272853851318,0.0004997999058105052
1,2.2627054931945167e-06,0.9999892711639404,8.46672810439486e-06
2,1.7984670819259918e-07,4.1946159399230964e-06,0.9999955892562866
1,5.288184183882549e-06,0.9999830722808838,1.169642109744018e-05
0,0.9999994039535522,4.642925830466993e-07,1.4942000348128204e-07
2,3.703790696363285e-07,7.427947821270209e-06,0.9999922513961792
0,0.999998927116394,5.814213750454655e-07,4.3970055685349507e-07
0,1.0,2.1899444035966553e-08,5.944271741498142e-09
0,0.999901533126831,6.547877273987979e-05,3.3063242881326005e-05
0,1.0,5.207056119616027e-08,2.936439358336429e-08
1,6.666823537671007e-07,0.9999951124191284,4.129102308070287e-06
2,3.776718529024947e-07,1.1275731594651006e-05,0.999988317489624
1,2.4126347852870822e-05,0.999832034111023,0.000143829092849046
1,0.00010298785491613671,0.9996740818023682,0.0002229713718406856
0,0.9993219375610352,0.0005651008686982095,0.00011295207514194772
1,0.00013183924602344632,0.9996751546859741,0.0001930785074364394
0,0.9999982118606567,1.3295651797307073e-06,5.361426360650512e-07
1,0.00013018111349083483,0.9998063445091248,6.358016253216192e-05
2,3.645774313554284e-06,5.895833601243794e-05,0.9999374151229858
1,0.0003012388478964567,0.9996127486228943,8.602288289694116e-05
1,1.2096405953343492e-05,0.99994957447052,3.838141856249422e-05
2,3.330209437990561e-06,4.71613893751055e-05,0.9999494552612305
1,3.544871560734464e-07,0.9999977350234985,1.914034328365233e-06
1,5.335624564395403e-07,0.9999967813491821,2.7956646135862684e-06
0,0.9993158578872681,0.0006147025269456208,6.950727401999757e-05
2,1.1700293498506653e-06,1.511083246441558e-05,0.9999836683273315
0,0.9999994039535522,3.8317821804412233e-07,2.5145695303763205e-07
2,1.4655087170467596e-06,0.00010391082469141111,0.9998946189880371
0,0.9993219375610352,0.0005566733307205141,0.0001213402792927809
0,0.9993520379066467,0.00046208332059904933,0.00018579108291305602
1,7.457253377651796e-05,0.9996711015701294,0.00025435927091166377
0,0.9998903274536133,8.264311327366158e-05,2.7005315132555552e-05
2,1.7680617020232603e-05,0.02036241441965103,0.9796199202537537
1,9.464699542149901e-05,0.9998204112052917,8.499108662363142e-05
0,1.0,4.726911129182554e-08,2.1614273038039755e-08
0,0.9999994039535522,4.831222781831457e-07,1.5719184887075244e-07
1,0.00020278619194868952,0.9991663694381714,0.0006308587035164237
0,0.9999964237213135,2.4739172204135684e-06,1.0835577768375515e-06
1,0.00036553782410919666,0.9994612336158752,0.00017317989841103554
1,0.0004499148635659367,0.7851914167404175,0.2143586128950119
0,1.0,1.4981967666471974e-08,2.9277973379038258e-09
0,0.9999799728393555,1.5543797417194583e-05,4.5787455746904016e-06
1,0.0004821069596800953,0.9985926747322083,0.0009251423180103302
0,0.999995231628418,2.6271166007063584e-06,2.1833338905707933e-06
0,0.9999990463256836,6.399607741514046e-07,3.283828391431598e-07
0,1.0,1.3262305031958022e-08,8.5397902083173e-09
0,1.0,5.904161071157432e-08,2.3202446186587622e-08
1,1.5373401538454345e-06,0.9999935626983643,4.849708147958154e-06
0,0.9999998807907104,6.188085421854339e-08,5.773331146485816e-09
2,2.873898438338074e-06,3.444081812631339e-05,0.9999626874923706
0,1.0,3.6380100709720864e-08,1.3969844836481116e-08
2,9.591151865606662e-06,0.00011750053090509027,0.9998729228973389
0,0.9999998807907104,6.564067689396325e-08,3.207527043969094e-08
1,5.386072032820266e-08,0.9999997615814209,2.8169321808491077e-07
1,1.283673191210255e-05,0.9999818801879883,5.230812348600011e-06
0,0.9999995231628418,3.3139752986244275e-07,1.666196567384759e-07
1,3.6908811580360634e-06,0.9999877214431763,8.613722457084805e-06
1,0.0004350074741523713,0.9994996786117554,6.52786620776169e-05
2,8.128292705578133e-08,4.678234745369991e-06,0.999995231628418
1,6.089966973377159e-06,0.9999850988388062,8.800207979220431e-06
0,0.999996542930603,2.6289546894986415e-06,8.181924613381852e-07
1,3.535902942530811e-05,0.9998620748519897,0.00010247919271932915
0,0.9996397495269775,0.000350827700458467,9.400372618983965e-06
1,1.3386029422690626e-05,0.9999449253082275,4.177272421657108e-05
1,5.988585485283693e-07,0.9999971389770508,2.236314912806847e-06
1,0.001049920218065381,0.9986572265625,0.0002928522590082139
1,0.00017034675693139434,0.9994993209838867,0.00033027210156433284
1,2.129482027157792e-06,0.9999918937683105,5.938690719631268e-06
2,1.7724465450896787e-08,1.8939899746328592e-05,0.9999810457229614
0,1.0,7.67466712403575e-09,4.719872492842114e-09
1,2.754889919742709e-06,0.9999918937683105,5.4062447816249914e-06
0,0.9999997615814209,1.5071422865275963e-07,6.571332988869472e-08
1,2.2961208742344752e-05,0.999889612197876,8.742317731957883e-05
1,1.4553807886841241e-05,0.9999563694000244,2.911470983235631e-05
0,0.9999607801437378,3.23663443850819e-05,6.808361831645016e-06
0,0.9998599290847778,0.00010222021955996752,3.7788457120768726e-05
0,1.0,3.803494053045142e-08,1.7888915238017944e-08
1,2.7889136617886834e-05,0.9999579191207886,1.4210496374289505e-05
2,3.35373988491483e-05,0.20081794261932373,0.7991485595703125
0,0.9994415640830994,0.00029980827821418643,0.00025871722027659416
0,0.999994158744812,4.612241355061997e-06,1.2115065146645065e-06
2,1.3388013940129895e-05,0.0006895553087815642,0.999297022819519
1,9.107427467824891e-05,0.9998376369476318,7.125136471586302e-05
1,1.1853759133373387e-05,0.999971866607666,1.629741382203065e-05
0,0.9999586343765259,3.204923268640414e-05,9.312174370279536e-06
1,4.456098423588628e-08,0.9999996423721313,3.5652135466079926e-07
0,0.9999947547912598,3.5780151392827975e-06,1.6100009361252887e-06
1,1.1065714033975382e-07,0.9999992847442627,6.50173433314194e-07
1,2.7090518415207043e-05,0.9999200105667114,5.29104181623552e-05
0,0.9999995231628418,3.883226042944443e-07,1.1497529328607925e-07
1,2.038021648331778e-06,0.999994158744812,3.758582806767663e-06
0,1.0,3.9088035919121467e-08,1.8653150135605756e-08
1,1.7467554016548092e-06,0.9999933242797852,4.925547727907542e-06
0,0.9999990463256836,6.864860324640176e-07,2.91252518991314e-07
2,5.8509220252744853e-05,0.000622849736828357,0.9993185997009277
2,1.0656757609694978e-07,1.6312078514602035e-05,0.999983549118042
1,3.0833274649921805e-05,0.9999618530273438,7.288449069164926e-06
0,0.9999179840087891,7.08655861672014e-05,1.1127374818897806e-05
1,3.678801658679731e-05,0.9998886585235596,7.450025441357866e-05
0,0.9999998807907104,9.772954001618928e-08,3.678177407095973e-08
1,2.209940930697485e-06,0.9999924898147583,5.232749117567437e-06
2,6.293098977039335e-06,0.00012236689508426934,0.9998713731765747
1,0.0018942964961752295,0.9978187084197998,0.00028700215625576675
2,1.4223601283447351e-06,2.829759796441067e-05,0.9999703168869019
1,0.00010547344572842121,0.9998119473457336,8.261748735094443e-05
2,2.665976808202686e-06,4.219516267767176e-05,0.9999551773071289
1,0.0003283521509729326,0.9993816614151001,0.00029003460076637566
0,0.999991774559021,5.807934940094128e-06,2.3923164462757995e-06
2,6.567046511918306e-05,0.0031783354934304953,0.9967560172080994
1,6.287941118898743e-07,0.9999970197677612,2.3489340037485817e-06
1,1.031648298521759e-05,0.9999446868896484,4.4890948629472405e-05
1,2.0704612325062044e-05,0.9999315738677979,4.772911051986739e-05
0,1.0,3.5777623086374888e-09,1.3244098040487984e-09
2,1.6826361388666555e-05,0.0012360367691144347,0.9987471103668213
0,1.0,2.0034288894521524e-08,1.129354920692549e-08
1,2.279118780279532e-05,0.9998883008956909,8.894851634977385e-05
0,0.9995923638343811,0.0003494607226457447,5.81970380153507e-05
1,9.890287037706003e-05,0.9998534917831421,4.760029332828708e-05
2,2.5406212444067933e-05,0.0005724002839997411,0.9994021654129028
1,0.0003283463593106717,0.9993430972099304,0.0003285737766418606
2,1.5963343685143627e-05,0.0008933542994782329,0.9990906715393066
1,8.371724646849543e-09,0.9999998807907104,1.312128290464898e-07
2,1.4564968296326697e-05,0.0002781859948299825,0.9997072815895081
1,4.5060022557663615e-07,0.9999960660934448,3.4388388030492933e-06
0,0.9999992847442627,5.799125801786431e-07,1.4598442987789895e-07
0,0.9999849796295166,1.025994151859777e-05,4.747676484839758e-06
2,3.2089315936900675e-05,0.0005149035132490098,0.9994530081748962
1,0.00014228983491193503,0.9997163414955139,0.00014137034304440022
2,1.4748369494554936e-06,2.543476330174599e-05,0.9999730587005615
0,0.9999687671661377,2.4443525035167113e-05,6.850281351944432e-06
1,6.087648216634989e-06,0.9999771118164062,1.6749823771533556e-05
0,0.9999988079071045,9.74557679001009e-07,2.795951559164678e-07
1,2.249677208965295e-06,0.9999910593032837,6.715884865116095e-06
0,1.0,3.798178216385395e-09,8.481267910198653e-10
1,8.232492837123573e-05,0.9998236298561096,9.400725684827194e-05
2,1.1483117305033375e-05,0.00017246414790861309,0.9998161196708679
2,3.127519221379771e-08,6.827249308116734e-06,0.999993085861206
2,9.581635822542012e-07,0.00046396974357776344,0.999535083770752
0,0.9999978542327881,1.5457235349458642e-06,5.591900276158412e-07
0,0.999749481678009,0.00022005407663527876,3.0468832846963778e-05
0,1.0,5.7765731753534055e-08,4.1859983923586697e-08
1,4.248399272910319e-05,0.9998914003372192,6.610869604628533e-05
1,0.0001323866017628461,0.9996640682220459,0.00020356652385089546
0,0.9993851184844971,0.00048442737897858024,0.00013048989058006555
1,2.297673063367256e-06,0.9999887943267822,8.956564670370426e-06
0,0.9999881982803345,7.696510692767333e-06,4.083140538568841e-06
0,0.9998629093170166,0.00010431798727950081,3.274822302046232e-05
1,6.006820512993727e-06,0.9999699592590332,2.406486964900978e-05
1,5.4379383982450236e-06,0.9999845027923584,1.0013828614319209e-05
0,0.9999927282333374,4.6426184781012125e-06,2.653971478139283e-06
2,7.624178124387981e-07,3.5625362215796486e-05,0.999963641166687
1,3.6550554796122015e-05,0.9999302625656128,3.311544060125016e-05
1,7.528252808697289e-06,0.9999434947967529,4.89822996314615e-05
1,5.806021817988949e-06,0.9999788999557495,1.5221521607600152e-05
0,0.9999737739562988,1.9338987840455957e-05,6.972195023990935e-06
0,1.0,2.59518628809019e-09,6.186274270625347e-10
1,3.5649486562761012e-06,0.999985933303833,1.048337435349822e-05
0,0.999817430973053,0.0001526567357359454,2.9965984140289947e-05
0,1.0,2.678792299093402e-09,8.730137168733165e-10
0,0.9999897480010986,7.997631655598525e-06,2.2772867396270158e-06
1,7.018257406343764e-07,0.9999959468841553,3.3116209579020506e-06
1,6.862221198389307e-05,0.9998233914375305,0.00010793164983624592
2,1.010006826618337e-06,0.00031652741017751396,0.9996824264526367
1,8.5512374425889e-06,0.9999723434448242,1.9130067812511697e-05
2,4.789295417140238e-05,0.0003127761301584542,0.9996392726898193
0,0.9999390840530396,4.310637086746283e-05,1.7711414329824038e-05
0,0.9996004700660706,0.00035354113788343966,4.5981196308275685e-05
0,0.9999997615814209,1.6382388423608063e-07,1.0004865202972724e-07
0,0.9999487400054932,3.569250475266017e-05,1.56361438712338e-05
1,0.00019420422904659063,0.9997455477714539,6.0243593907216564e-05
1,2.2357737634592922e-06,0.9999886751174927,9.037646123033483e-06
0,1.0,6.403166191715215e-11,1.973603745708541e-11
0,0.999968409538269,2.1244837625999935e-05,1.0326964911655523e-05
0,0.9999994039535522,4.245949298820051e-07,1.7494859605449165e-07
2,5.256669282971416e-06,0.00010286922770319507,0.9998918771743774
1,0.007113081403076649,0.9924423694610596,0.00044464264647103846
1,2.6871886802837253e-05,0.9999459981918335,2.722221688600257e-05
0,1.0,8.275292673332046e-10,1.5401908914913776e-10
1,2.5843133698799647e-05,0.9998984336853027,7.56868248572573e-05
0,0.9999552965164185,3.615158493630588e-05,8.545703167328611e-06
1,5.787104328192072e-06,0.999983549118042,1.0665308764146175e-05
1,0.005666994024068117,0.9933504462242126,0.0009825698798522353
2,0.000574859615880996,0.031097209081053734,0.9683278799057007
2,8.172416528395843e-06,0.00018969326629303396,0.9998021721839905
0,0.9998160004615784,0.00013763696188107133,4.636751691577956e-05
1,1.8447826732881367e-05,0.9999401569366455,4.140280725550838e-05
1,1.2914217222714797e-05,0.9999631643295288,2.3928356313263066e-05
2,5.4966208153928164e-06,0.0003313367778901011,0.9996631145477295
1,6.132778196388244e-08,0.9999865293502808,1.3346509149414487e-05
2,4.3421017892342206e-08,9.771789336809888e-06,0.9999902248382568
0,0.9999995231628418,3.5145751553500304e-07,1.6206108455207868e-07
0,1.0,2.0498790220813135e-08,1.0830160768193764e-08
2,4.911169071419863e-07,8.1282778410241e-06,0.9999914169311523
2,3.5710970678337617e-06,4.874470687354915e-05,0.9999476671218872
1,2.4897122784750536e-05,0.9999353885650635,3.967200973420404e-05
1,0.000140523086884059,0.999806821346283,5.266626612865366e-05
2,3.942946477764053e-06,0.00010061473585665226,0.999895453453064
0,0.9999990463256836,8.596466614108067e-07,1.512839560291468e-07
1,5.568832784774713e-05,0.9997560381889343,0.00018828305474016815
0,0.9999997615814209,8.278077245904569e-08,6.081965153725832e-08
2,3.1883344036032213e-06,9.440782741876319e-05,0.9999023675918579
0,1.0,1.1321349191462104e-08,5.0051105482396e-09
2,9.209471727444907e-07,5.0357735744910315e-05,0.9999487400054932
2,1.0125760354640079e-06,3.9180198655230924e-05,0.9999598264694214
1,1.7966958694159985e-06,0.9999490976333618,4.9099966417998075e-05
0,0.9999724626541138,2.178111026296392e-05,5.7719980759429745e-06
2,3.015098286596185e-07,9.037397830979899e-06,0.999990701675415
0,0.9999990463256836,7.382936928479467e-07,2.9399069489954854e-07
1,5.139323207004054e-07,0.9999973773956299,2.1726334580307594e-06
1,2.2678648747387342e-05,0.9999459981918335,3.137330350000411e-05
1,2.4286719053634442e-05,0.9999436140060425,3.2032214221544564e-05
2,1.5078849173733033e-06,0.0033653262071311474,0.9966332316398621
1,0.00017209058569278568,0.8037919998168945,0.1960359513759613
2,8.179837095667608e-06,0.00020515774667728692,0.9997866749763489
2,1.8342339558330423e-07,5.454425718198763e-06,0.9999943971633911
1,2.167862021451583e-06,0.9999836683273315,1.4213424037734512e-05
1,2.636327849359077e-07,0.9999977350234985,1.9758151665882906e-06
2,9.791921911528334e-06,0.006325433496385813,0.9936647415161133
1,2.8716133328998694e-06,0.9999911785125732,5.997732387186261e-06
1,9.307649634138215e-06,0.999974250793457,1.6398338630096987e-05
1,0.001029221573844552,0.9984709620475769,0.0004998146905563772
2,2.980017939080426e-07,3.153818397549912e-05,0.9999681711196899
2,3.6825163988396525e-05,0.025160161778330803,0.9748030304908752
1,1.6544117897865362e-05,0.9999691247940063,1.4273187844082713e-05
1,3.10519089907757e-06,0.9999910593032837,5.7853317230183166e-06
1,0.004219796974211931,0.9957757592201233,4.486435955186607e-06
2,1.8209707377536688e-06,0.00012708302529063076,0.9998711347579956
0,0.9999356269836426,4.854889994021505e-05,1.5883699234109372e-05
1,1.345994320445243e-07,0.9999945163726807,5.310598226060392e-06
1,5.715414317819523e-06,0.9999523162841797,4.193548738840036e-05
2,9.079034498427063e-06,0.0002606583293527365,0.9997302889823914
0,0.9991536140441895,0.0006868434138596058,0.00015952363901305944
1,9.514694284007419e-06,0.9999631643295288,2.7339083317201585e-05
2,1.2478485587053e-06,3.695876512210816e-05,0.9999617338180542
1,6.045189024916908e-07,0.999997615814209,1.8335306322114775e-06
1,1.2266479643585626e-05,0.9999744892120361,1.320664341619704e-05
0,0.9999531507492065,3.829344132100232e-05,8.624298970971722e-06
1,2.3339565814239904e-05,0.9999055862426758,7.106245902832597e-05
2,2.4385317942687834e-07,6.1816940615244675e-06,0.9999935626983643
2,1.8699475390349107e-07,5.131867055752082e-06,0.9999946355819702
0,1.0,5.821102178060755e-08,2.640015850374766e-08
0,0.9999905824661255,6.633665634581121e-06,2.746394784480799e-06
0,0.9996596574783325,0.0003026213380508125,3.7780238926643506e-05
1,0.00030415330547839403,0.9996175765991211,7.82499264460057e-05
0,0.9998369216918945,0.00010891033161897212,5.415248597273603e-05
2,1.2991232324566226e-05,0.00011658528092084453,0.9998704195022583
2,6.57201667308982e-07,1.4268597624322865e-05,0.9999850988388062
1,4.170365173195023e-06,0.9999833106994629,1.2498269825300667e-05
0,0.9999237060546875,6.386231689248234e-05,1.236472417076584e-05
0,0.999573290348053,0.000336121505824849,9.055608097696677e-05
0,0.9996680021286011,0.0002632320101838559,6.875027611386031e-05
0,0.9999886751174927,8.451484973193146e-06,2.819259407260688e-06
0,1.0,1.1371016128691736e-08,6.160843391000981e-09
0,0.9999972581863403,2.1106459371367237e-06,5.860023293280392e-07
2,4.83231087855529e-06,0.0001944275136338547,0.9998007416725159
1,5.454489382827887e-06,0.9999641180038452,3.0437586246989667e-05
0,0.9991545677185059,0.0007607624283991754,8.467317093163729e-05
0,1.0,8.008569807316235e-09,3.1631748331761855e-09
0,0.9834564328193665,0.011613143607974052,0.004930359311401844
2,2.893398686865112e-06,3.7445486668730155e-05,0.9999597072601318
0,0.9999994039535522,3.7451758316819905e-07,2.6779963491208036e-07
0,1.0,2.0515532384024482e-08,5.518374202040377e-09
2,1.228162602728844e-07,3.449314363024314e-06,0.9999964237213135
0,0.9999964237213135,2.5742951947904658e-06,9.343604574496567e-07
0,0.9999983310699463,1.1003243116647354e-06,5.593343530563288e-07
1,6.922725788172102e-06,0.9999715089797974,2.154376488761045e-05
1,1.6061817404988687e-06,0.9999963045120239,2.1734517758886795e-06
2,9.076995155510303e-08,4.050160441693151e-06,0.9999958276748657
2,4.739548785437364e-06,0.0001721799053484574,0.9998231530189514
2,4.413617716636509e-05,0.004088273737579584,0.9958676099777222
1,2.071045379636871e-08,0.9999997615814209,2.1764968494153436e-07
1,7.793552867951803e-06,0.9999828338623047,9.396140740136616e-06
0,0.999957799911499,3.529994864948094e-05,6.913961442478467e-06
0,0.9999984502792358,9.76526962404023e-07,5.466525863084826e-07
2,1.169835712744316e-07,2.9011825972702354e-06,0.9999970197677612
0,0.9999850988388062,1.0126619599759579e-05,4.7820717554714065e-06
2,9.274649528379086e-07,1.997680010390468e-05,0.9999791383743286
1,0.007635361049324274,0.9917124509811401,0.0006521972827613354
2,2.0797584099341293e-08,1.9618612441263394e-06,0.9999979734420776
0,0.9999932050704956,5.558285920415074e-06,1.2083448837074684e-06
0,0.9999995231628418,3.3070233484977507e-07,1.2701009666216123e-07
0,0.9999772310256958,1.8119639207725413e-05,4.666111180995358e-06
2,4.70233953819843e-06,9.17723955353722e-05,0.9999035596847534
1,0.00023332578712143004,0.998487114906311,0.001279613352380693
2,2.4724429295019945e-06,0.00010313529492123052,0.999894380569458
2,5.7318011386087164e-06,7.995728083187714e-05,0.999914288520813
0,1.0,5.93837050644197e-08,4.531093011905796e-08
2,6.411652861970651e-07,5.104649608256295e-05,0.999948263168335
0,0.9999990463256836,6.453645937654073e-07,3.598279647576419e-07
0,0.9999958276748657,2.9241091397125274e-06,1.238437448591867e-06
1,1.1580027603486087e-06,0.9999760389328003,2.2809083020547405e-05
0,0.9999924898147583,5.08572247781558e-06,2.4109640435199253e-06
1,0.00020688457880169153,0.9994463324546814,0.00034686917206272483
2,1.387550980780361e-07,4.081280167156365e-06,0.9999958276748657
1,6.684942945867078e-06,0.9999517202377319,4.162154073128477e-05
2,7.855581429794256e-07,1.7215725165442564e-05,0.9999819993972778
1,0.001128404401242733,0.9987165927886963,0.00015505404735449702
1,2.3066690118866973e-05,0.9998419284820557,0.00013496223255060613
1,2.299688094353769e-05,0.9999513626098633,2.563264570198953e-05
1,3.63733477115602e-07,0.9999988079071045,7.911567649898643e-07
1,0.000754982465878129,0.9992031455039978,4.189727769698948e-05
1,6.994602154009044e-05,0.9995465874671936,0.0003834652598015964
0,0.9996471405029297,0.00033565107150934637,1.7175085304188542e-05
1,1.02684207377024e-05,0.9999585151672363,3.127260788460262e-05
0,0.9999687671661377,2.4540226149838418e-05,6.641610525548458e-06
2,4.176088168605929e-06,0.00020220472651999444,0.9997935891151428
1,2.2300719138002023e-05,0.999893307685852,8.441484533250332e-05
1,0.0003816675452981144,0.999327540397644,0.00029083655681461096
0,0.9975367784500122,0.0023575793020427227,0.00010562375246081501
2,7.322034321077808e-07,1.3278427104523871e-05,0.999985933303833
0,0.9999959468841553,2.875510290323291e-06,1.248313765245257e-06
1,4.594771780830342e-06,0.9999663829803467,2.897707963711582e-05
0,0.9999600648880005,3.096036016358994e-05,8.923457244236488e-06
0,0.9999966621398926,1.8363934941589832e-06,1.5557099004581687e-06
0,0.9999829530715942,1.3806271454086527e-05,3.2539187486690935e-06
1,0.00019904649525415152,0.9996992349624634,0.00010178989759879187
1,0.00024928455241024494,0.9993808269500732,0.00036994004040025175
0,0.9999991655349731,5.439062533696415e-07,2.8256908990442753e-07
0,0.9999661445617676,2.658327684912365e-05,7.229071343317628e-06
2,1.542406425869558e-05,0.0001185571018140763,0.9998660087585449
0,0.9999091625213623,7.150199235184118e-05,1.935146610776428e-05
0,0.9997956156730652,0.0001536105410195887,5.078568938188255e-05
2,0.0001148874216596596,0.003199234139174223,0.9966859221458435
1,3.778249322294869e-07,0.9999978542327881,1.7885994338939781e-06
0,0.9999990463256836,6.806191095165559e-07,2.9597538286907366e-07
1,1.7852530618256424e-06,0.9999905824661255,7.659325092390645e-06
1,6.284347182372585e-05,0.9996656179428101,0.00027157869772054255
2,3.976332152433315e-07,1.494870684837224e-05,0.999984622001648
1,2.2020021788193844e-05,0.9999513626098633,2.659505480551161e-05
1,1.220902140630642e-05,0.9999494552612305,3.8434962334576994e-05
0,0.9999986886978149,1.001043301585014e-06,3.726163129158522e-07
0,1.0,1.3287321465327295e-08,8.737538692571434e-09
1,6.547150405822322e-05,0.9998382329940796,9.630253043724224e-05
0,0.9999057054519653,7.698133413214236e-05,1.7249711163458414e-05
1,1.1467393051134422e-05,0.999956488609314,3.202160223736428e-05
1,0.0012853859225288033,0.9951993823051453,0.003515226300805807
1,3.14370117848739e-05,0.9997619986534119,0.00020654000400099903
2,2.1274402115523117e-06,0.03566987067461014,0.9643279910087585
0,1.0,2.3324056019902173e-09,4.246678286801142e-10
2,1.2569277714646887e-05,0.00017235132690984756,0.999815046787262
2,2.891092299250886e-05,0.00070416514063254,0.9992669224739075
2,9.84030484687537e-05,0.014031784608960152,0.9858697652816772
2,7.374954407168843e-07,2.5329778509330936e-05,0.9999738931655884
1,2.997618821609649e-06,0.9999896287918091,7.398765319521772e-06
0,1.0,2.8750071767724705e-11,1.455865983324145e-11
1,0.0018956523854285479,0.9978823065757751,0.0002220137685071677
2,5.189147032069741e-07,0.0001198582467623055,0.9998795986175537
1,1.727772360027302e-05,0.9998384714126587,0.00014416714839171618
1,4.052374424645677e-05,0.9999067783355713,5.2682986279251054e-05
0,0.9999748468399048,1.6750824215705507e-05,8.401008017244749e-06
1,0.0007150705205276608,0.9983652234077454,0.0009197887848131359
0,0.9999817609786987,1.4153205484035425e-05,4.018799700133968e-06
1,4.9736601795302704e-05,0.9998770952224731,7.31871768948622e-05
0,0.9999998807907104,1.0140752948473164e-07,5.63653017593424e-08
0,0.9994810223579407,0.0003222962550353259,0.00019674914074130356
2,8.212313673539029e-07,2.1384807041613385e-05,0.9999778270721436
0,0.9998480081558228,0.00011498744424898177,3.6950968933524564e-05
0,0.9999997615814209,1.4497599920559878e-07,6.742234859302698e-08
1,1.9548357158782892e-05,0.9999557733535767,2.4633061912027188e-05
1,4.202169657219201e-05,0.9983890056610107,0.001568997511640191
1,2.440504977130331e-05,0.999935507774353,4.001990964752622e-05
1,0.00012675185280386358,0.9998672008514404,6.0524907894432545e-06
1,3.361489461894962e-06,0.9999915361404419,5.098402198200347e-06
0,0.9999977350234985,1.5970987305991002e-06,7.075676649037632e-07
1,7.881614874349907e-05,0.999779999256134,0.00014126788300927728
1,3.953585837734863e-05,0.9999593496322632,1.060867475644045e-06
0,0.996587872505188,0.003180817700922489,0.00023127999156713486
1,1.3291204595589079e-05,0.9999673366546631,1.9392718968447298e-05
2,2.3740124532878326e-08,4.069065653311554e-06,0.9999959468841553
1,2.8671292966464534e-05,0.9998718500137329,9.93502326309681e-05
0,0.9999974966049194,1.8585665202408563e-06,6.257828886191419e-07
1,6.468254014180275e-06,0.9999792575836182,1.4297364941739943e-05
0,0.9999814033508301,1.4736760931555182e-05,3.8543280425074045e-06
1,8.002575668797363e-06,0.9999783039093018,1.3688997569261119e-05
0,0.9999984502792358,1.2189938161100144e-06,3.3543091149113025e-07
0,0.9999959468841553,3.131011226287228e-06,9.765020649865619e-07
0,0.9999932050704956,4.524684300122317e-06,2.240703906863928e-06
1,2.440926607505389e-07,0.9999986886978149,1.0671926702343626e-06
0,0.9999911785125732,7.419748726533726e-06,1.450622221454978e-06
1,3.921546522178687e-06,0.999993085861206,2.9585835363832302e-06
1,2.7949024570261827e-06,0.9999854564666748,1.1822727174148895e-05
1,4.770858552660684e-08,0.9999998807907104,1.5766140393225214e-07
1,1.544287079013884e-05,0.9999536275863647,3.092882252531126e-05
0,1.0,2.261530163139014e-08,1.2030223928150008e-08
0,0.9998075366020203,0.00015283512766472995,3.9656464650761336e-05
0,0.9999958276748657,3.0004291602381272e-06,1.2019715995847946e-06
2,3.807932898780564e-06,5.535880336537957e-05,0.9999408721923828
0,0.9999909400939941,6.639756520598894e-06,2.3417021566274343e-06
2,0.0001590509491506964,0.00012850009079556912,0.9997124075889587
0,0.9999998807907104,7.893455489238477e-08,4.4934132858998055e-08
0,0.9997361302375793,0.00019838751177303493,6.547661905642599e-05
2,4.835947402170859e-05,0.00020029311417602003,0.9997513890266418
0,1.0,1.6852393258659504e-08,5.102182676353095e-09
2,3.7511107109367003e-08,1.624055244064948e-06,0.9999983310699463
0,1.0,3.804371573323806e-08,7.336332430440962e-09
2,2.11044653042336e-06,0.0011737666791304946,0.9988240599632263
1,2.381560261710547e-05,0.9999719858169556,4.191733751213178e-06
1,7.91872571426211e-06,0.9999717473983765,2.040851722995285e-05
1,4.6882920287316665e-05,0.9995835423469543,0.0003696417261380702
0,0.9999998807907104,7.311999894454857e-08,3.905070045107095e-08
0,0.9999984502792358,1.0105447927344358e-06,5.876163982065918e-07
2,1.5276352769433288e-06,3.866270344587974e-05,0.9999598264694214
2,2.798968523620715e-07,1.6297415641020052e-05,0.9999834299087524
2,1.7041672890627524e-06,3.125033981632441e-05,0.999967098236084
0,0.9999996423721313,2.3505344870500267e-07,1.1700485913479497e-07
0,0.9999978542327881,1.6037840850913199e-06,5.902609245822532e-07
2,0.00040812179213389754,0.0249513890594244,0.9746404886245728
1,4.905959212919697e-05,0.9996930360794067,0.0002578796411398798
1,4.401833848532988e-06,0.9999867677688599,8.772803994361311e-06
1,0.11182766407728195,0.8877657651901245,0.0004065578687004745
0,0.9999992847442627,4.985523105460743e-07,2.9528669642786554e-07
1,1.2369666819722624e-06,0.9999958276748657,2.9767359137622407e-06
0,0.9999791383743286,1.4639094843005296e-05,6.204071269166889e-06
0,0.9999996423721313,2.8908925742143765e-07,1.6371610911392054e-07
1,9.101237083086744e-06,0.999976396560669,1.4560721865564119e-05
0,0.9999943971633911,3.3195840387634235e-06,2.294510522915516e-06
0,0.9999997615814209,1.5952606702285266e-07,7.83358018452418e-08
2,1.2028634955640882e-05,0.0005830333102494478,0.9994049072265625
0,0.9999997615814209,2.2599354565500107e-07,3.65500092414095e-08
1,0.0002989353670272976,0.9866081476211548,0.013092870824038982
1,4.329403236624785e-05,0.999858021736145,9.864597086561844e-05
2,1.3682476946996758e-06,8.34301026770845e-05,0.9999152421951294
0,1.0,1.9917624882737073e-08,9.232342002007954e-09
2,4.8444942279957104e-08,1.467504262109287e-06,0.9999984502792358
2,1.57704971570638e-06,2.1211031707935035e-05,0.9999772310256958
0,1.0,4.253240604157327e-08,9.810209533611669e-09
1,6.635647150687873e-05,0.9998692274093628,6.433857925003394e-05
0,0.9999998807907104,1.6639742739243957e-07,4.6611773996119155e-08
2,1.0506661965337116e-05,0.00014777644537389278,0.9998416900634766
0,0.9999994039535522,4.368314705516241e-07,1.6372230504657637e-07
0,0.9999991655349731,5.46974206372397e-07,2.0078064721928968e-07
1,1.3384839803620707e-05,0.9998588562011719,0.00012780023098457605
0,0.9999642372131348,2.9470922527252696e-05,6.314834081422305e-06
2,0.00011323847866151482,0.009129520505666733,0.9907572865486145
0,1.0,3.601158127253257e-08,1.7643648320131433e-08
0,0.9999309778213501,4.9842175940284505e-05,1.919145870488137e-05
0,0.9994520545005798,0.0004571477766148746,9.075966954696923e-05
2,1.1982830983470194e-05,0.00015455239918082952,0.9998334646224976
1,7.416294920403743e-06,0.9999728202819824,1.979461740120314e-05
0,0.99988853931427,7.45333600207232e-05,3.6991747037973255e-05
1,1.0489321539353114e-05,0.9999712705612183,1.8287926650373265e-05
1,3.0008279281901196e-05,0.9998955726623535,7.438447210006416e-05
1,0.0005267556407488883,0.9993588328361511,0.00011441893002483994
0,1.0,1.1384443387996157e-09,2.0111569354330783e-10
0,1.0,4.1982359255676727e-10,1.7883335090562724e-10
1,2.0415543531271396e-06,0.9999923706054688,5.551696176553378e-06
1,0.0002507980971131474,0.9996764659881592,7.27155857020989e-05
2,7.631297194166109e-06,0.04134736210107803,0.9586450457572937
2,1.980518391064834e-06,3.8444592064479366e-05,0.9999595880508423
2,4.427083979408053e-07,2.4924398530856706e-05,0.9999746084213257
1,4.168079613009468e-06,0.999983549118042,1.2285135198908392e-05
0,0.9999979734420776,1.422706077391922e-06,5.793622790406516e-07
1,9.082764154300094e-05,0.999718964099884,0.00019024759239982814
2,1.130251462200249e-06,3.891124652000144e-05,0.9999599456787109
1,1.4359521628648508e-05,0.9999446868896484,4.105431798961945e-05
0,0.9999998807907104,9.181664495372388e-08,4.93518115263214e-08
0,1.0,1.0148973217383173e-08,2.793249631594108e-09
2,1.9926535514969146e-06,7.061696669552475e-05,0.9999274015426636
2,4.848487265007861e-07,6.423198556149146e-06,0.999993085861206
2,2.5247195480915252e-06,0.0006982718477956951,0.999299168586731
1,0.001168385031633079,0.998738706111908,9.284017141908407e-05
1,3.7067165976623073e-06,0.9999889135360718,7.422230282827513e-06
2,5.586259632650581e-08,7.050541171338409e-05,0.9999294281005859
0,0.9999979734420776,1.4988012253525085e-06,4.554333088435669e-07
1,0.0001380157918902114,0.9997398257255554,0.00012211836292408407
2,9.23604893614538e-05,0.0022509770933538675,0.9976565837860107
1,0.013148373924195766,0.9865575432777405,0.0002941257553175092
1,8.310037082992494e-05,0.9998633861541748,5.351545405574143e-05
1,4.510861253947951e-05,0.9998960494995117,5.887173392693512e-05
1,8.737503230804577e-05,0.998766303062439,0.0011462989496067166
2,1.2318304243308376e-06,2.1011663193348795e-05,0.999977707862854
2,9.002949497016743e-08,3.012327852047747e-06,0.9999969005584717
1,5.6936742112156935e-06,0.9999599456787109,3.431332152104005e-05
1,0.0003873341775033623,0.9994150400161743,0.00019763577438425273
0,0.999998927116394,7.348284611907729e-07,3.5597579994828266e-07
1,6.4798900893947575e-06,0.9999703168869019,2.3292335754376836e-05
0,0.9999628067016602,2.865662463591434e-05,8.530531886208337e-06
1,1.699764652585145e-06,0.9999877214431763,1.0560658665781375e-05
2,1.3837773167324485e-06,4.5000779209658504e-05,0.9999536275863647
0,1.0,1.2104129254453255e-08,3.2746962919105727e-09
1,4.383563009469071e-06,0.9999805688858032,1.50662635860499e-05
0,0.9999992847442627,5.121323738421779e-07,1.8089409081767371e-07
0,0.9998435974121094,0.00013214546197559685,2.4240047423518263e-05
2,2.3157122086558957e-06,6.004602255416103e-05,0.9999376535415649
1,1.5828443338250509e-06,0.9999617338180542,3.669595389510505e-05
1,0.0006749049643985927,0.9992363452911377,8.869796147337183e-05
0,0.9999985694885254,1.267033553631336e-06,1.692440321221511e-07
0,0.9999992847442627,4.611778479102213e-07,1.816999741777181e-07
2,2.7842377676279284e-05,0.0006106131477281451,0.9993615746498108
1,0.00015073810936883092,0.9997846484184265,6.459984433604404e-05
1,1.4824403251623153e-06,0.9999958276748657,2.69233373728639e-06
1,2.0027426216984168e-05,0.9999362230300903,4.3756856030086055e-05
2,3.121748903822663e-08,1.6500836181876366e-06,0.9999983310699463
2,5.013181362301111e-05,0.0002469928876962513,0.9997028708457947
0,0.9999812841415405,1.4372555597219616e-05,4.24761992690037e-06
0,1.0,1.5952146270592493e-08,4.8646935368878985e-09
2,1.842291453613143e-06,5.5629545386182144e-05,0.9999425411224365
1,0.00011131455539725721,0.9997499585151672,0.00013867080269847065
1,2.386509549978655e-05,0.9999194145202637,5.677148146787658e-05
2,3.9318985045611043e-07,9.474854778090958e-06,0.9999901056289673
0,0.9999185800552368,6.0281381593085825e-05,2.113131085934583e-05
0,0.999230146408081,0.00062507891561836,0.00014472116890829057
1,0.00016010306717362255,0.9998358488082886,3.993709469796158e-06
2,2.925949047494214e-07,8.513999091519509e-06,0.9999911785125732
0,0.9999542236328125,3.612011641962454e-05,9.599636541679502e-06
1,5.229653083915764e-07,0.9840817451477051,0.015917815268039703
0,0.9999998807907104,9.32084844862402e-08,5.4941896365789944e-08
2,1.7423024473828264e-05,0.0003430306678637862,0.9996395111083984
2,9.027342429135388e-08,1.7809913970268099e-06,0.9999980926513672
1,0.00047399551840499043,0.9994078874588013,0.00011809392890427262
0,0.9999996423721313,2.971668493501056e-07,1.2660414938636677e-07
2,4.3707095755962655e-06,4.6613651647930965e-05,0.9999489784240723
1,2.2757353690394666e-06,0.9998613595962524,0.00013632663467433304
0,0.9995403289794922,0.0003908255894202739,6.884095637360588e-05
0,0.9990707039833069,0.0007494197925552726,0.000179938884684816
2,7.588797643620637e-07,1.3909281733504031e-05,0.9999853372573853
0,0.9999384880065918,4.75106826343108e-05,1.3908683285990264e-05
1,1.359388443233911e-05,0.9998685121536255,0.00011787768016802147
1,0.00020365427189972252,0.9996887445449829,0.00010765982005978003
2,1.7078746168408543e-06,8.593803795520216e-05,0.9999123811721802
1,5.34054015588481e-05,0.9996216297149658,0.00032492706668563187
0,1.0,5.197934083156497e-09,3.058751696372042e-09
0,0.9999997615814209,1.7641399097101385e-07,8.813261587192756e-08
2,2.6454569024281227e-07,8.891187462722883e-06,0.9999908208847046
1,1.7230464663953171e-06,0.999974250793457,2.4135048079187982e-05
0,0.9997454285621643,0.00017610129725653678,7.838235615054145e-05
0,0.9989101886749268,0.0010355741251260042,5.4192922107176855e-05
0,0.9999998807907104,1.2426038153989793e-07,4.8078916847771325e-08
1,6.144637609395431e-06,0.9999805688858032,1.3219691027188674e-05
1,5.472206976264715e-05,0.9997400641441345,0.00020517967641353607
2,7.882370118750259e-05,0.009096256457269192,0.9908248782157898
0,0.9999799728393555,1.4721260413352866e-05,5.339034487406025e-06
0,0.9993324875831604,0.0005987891345284879,6.87532956362702e-05
2,1.0141950951947365e-05,0.00017896658391691744,0.9998108744621277
0,1.0,2.309268865019476e-08,8.240660598346494e-09
1,2.4581606794527033e-06,0.9999871253967285,1.0356134225730784e-05
1,0.0002805434924084693,0.9994449019432068,0.0002744954254012555
1,0.00015190256817732006,0.9955433011054993,0.004304774105548859
0,1.0,6.492815618486247e-09,2.5028024097650814e-09
2,5.453525318444008e-06,0.00032446192926727235,0.999670147895813
1,3.19374339596834e-05,0.9999184608459473,4.960823935107328e-05
2,6.1543527408503e-05,0.0004546640266198665,0.9994838237762451
1,6.091320756240748e-06,0.9999793767929077,1.4532298337144312e-05
2,9.325672323257095e-08,5.239760866970755e-06,0.9999946355819702
1,0.00013124020188115537,0.9995471835136414,0.0003216408076696098
1,0.00018608062237035483,0.9995148181915283,0.00029910739976912737
2,5.521854745893506e-06,7.702248694840819e-05,0.9999175071716309
0,0.9999943971633911,4.518321020441363e-06,1.0558911753832945e-06
2,4.1800959138527105e-07,8.243831871368457e-06,0.9999912977218628
2,3.0777262054471066e-06,6.177370232762769e-05,0.9999351501464844
1,5.008963398722699e-06,0.999976396560669,1.8597002053866163e-05
1,0.0006264948169700801,0.9993616938591003,1.1839659237011801e-05
1,0.00011131120118079707,0.8581586480140686,0.14173007011413574
1,0.00044251669896766543,0.9988511800765991,0.0007063790690153837
2,6.812805963818391e-07,1.592421358509455e-05,0.9999834299087524
0,0.9999996423721313,1.960034552439538e-07,8.483652180757417e-08
2,1.8618976582729374e-06,6.664523971267045e-05,0.9999314546585083
2,9.252104291590513e-07,2.758981463557575e-05,0.9999715089797974
0,0.9995730519294739,0.000320740626193583,0.00010619991371640936
1,4.632403033610899e-06,0.9999901056289673,5.186333510209806e-06
0,1.0,4.577075163325617e-09,1.0550258444652627e-09
2,3.6650451420428e-06,5.134008824825287e-05,0.9999450445175171
2,2.0628914398912457e-07,5.823865649290383e-06,0.9999939203262329
1,5.236722699919483e-07,0.9999568462371826,4.2658917664084584e-05
1,8.498976058035623e-06,0.9999798536300659,1.1655440175672993e-05
2,3.2390576620855427e-07,7.520108283642912e-06,0.9999921321868896
1,0.00030819245148450136,0.9991204142570496,0.000571400742046535
1,0.000139542346005328,0.9997935891151428,6.689634756185114e-05
1,9.354825124319177e-06,0.9999676942825317,2.3029298972687684e-05
2,4.3093442059216613e-07,6.554021183546865e-06,0.9999929666519165
0,0.9999959468841553,2.8700553684757324e-06,1.1488364179967903e-06
0,0.999983549118042,1.2830254490836523e-05,3.5914786167268176e-06
0,1.0,1.543974170736817e-09,4.455653346280286e-10
0,0.9999961853027344,2.869265244953567e-06,9.024850555761077e-07
1,1.90114660654217e-05,0.999963641166687,1.7392974768881686e-05
1,0.0005476802471093833,0.9991068243980408,0.0003455566184129566
0,0.9999504089355469,3.8542475522262976e-05,1.1067570085288025e-05
0,0.9999833106994629,1.337379671895178e-05,3.334319899295224e-06
0,0.9994736313819885,0.0004279092245269567,9.859244164545089e-05
0,0.9999995231628418,3.0561000130546745e-07,1.0698617813886813e-07
0,0.9999924898147583,5.158584372111363e-06,2.3713571408734424e-06
0,0.9999994039535522,4.881928816757863e-07,1.1483655271149473e-07
2,7.459618700522697e-06,0.005898104980587959,0.9940944314002991
0,0.9999945163726807,4.3934719542448875e-06,1.055550001183292e-06
1,3.2800102189867175e-08,0.9999996423721313,4.0992253502736276e-07
0,0.9999947547912598,3.3666653962427517e-06,1.932507757373969e-06
0,1.0,6.237176108925269e-09,2.6736164393525996e-09
2,1.212700453834259e-06,2.383135142736137e-05,0.9999749660491943
2,1.5934328985167667e-05,0.0005993874510750175,0.9993846416473389
2,5.487192902364768e-05,0.0008735503070056438,0.9990715980529785
0,0.9999995231628418,3.157823869059939e-07,1.1188427606612095e-07
0,0.9999877214431763,8.811483894533012e-06,3.445201173235546e-06
0,0.9999998807907104,1.0435092434590842e-07,3.982477991826272e-08
0,0.999817430973053,0.00016215950017794967,2.0331668565631844e-05
1,0.00011418826034059748,0.9996600151062012,0.00022581219673156738
0,0.9999985694885254,1.0491182820260292e-06,3.9324680756180896e-07
0,1.0,2.259439213503356e-08,8.242091453780631e-09
0,0.9995108842849731,0.0004128142318222672,7.627873856108636e-05
0,0.9999959468841553,2.857067329387064e-06,1.2140346825617598e-06
2,8.81699270394165e-06,0.0013268898474052548,0.9986642599105835
2,4.299807869756478e-07,1.137421713792719e-05,0.9999881982803345
0,1.0,2.9098114140424514e-08,1.700343155164319e-08
1,0.0019345047185197473,0.9977312684059143,0.00033426773734390736
1,0.00012457471166271716,0.9998544454574585,2.096316165989265e-05
1,0.0004140252131037414,0.9995113611221313,7.456282037310302e-05
1,0.001094838953576982,0.9980485439300537,0.0008566728211008012
1,2.8345397367957048e-05,0.9999595880508423,1.2097865692339838e-05
0,0.9999336004257202,4.398979581310414e-05,2.2350504877977073e-05
1,4.2510427533670736e-07,0.9999985694885254,1.0001480177379563e-06
0,1.0,5.103392197725043e-08,2.776106100554898e-08
1,1.229385452461429e-05,0.9999606609344482,2.7103558750241064e-05
2,6.68463997044455e-07,0.0001553689071442932,0.999843955039978
0,1.0,3.743246157483782e-09,1.3150509570181157e-09
1,1.2742383660224732e-05,0.9999691247940063,1.8163091226597317e-05
0,0.9999992847442627,4.465935035113944e-07,1.9003169882125803e-07
2,2.858190661925164e-08,9.406222147845256e-07,0.9999990463256836
1,0.025871045887470245,0.9605401158332825,0.013588846661150455
2,3.1048930395627394e-05,0.0023231045342981815,0.9976457953453064
1,2.3121347680898907e-07,0.9999990463256836,7.130092853913084e-07
1,2.0640678485506214e-05,0.9999269247055054,5.2452931413426995e-05
1,6.63270066070254e-06,0.9999872446060181,6.059836778149474e-06
2,2.5868064312817296e-07,5.782888365502004e-06,0.9999939203262329
1,8.638936560600996e-05,0.9996391534805298,0.00027439353289082646
1,0.00030160730239003897,0.9990863800048828,0.0006120600155554712
1,7.076553174556466e-07,0.9999948740005493,4.431645265867701e-06
0,0.9990680813789368,0.0008262954652309418,0.00010567597928456962
1,3.312579792691395e-05,0.9714066982269287,0.028560174629092216
0,0.9991832375526428,0.0007304507307708263,8.632344543002546e-05
2,1.8876666217693128e-05,0.001073919702321291,0.998907208442688
2,9.543471605866216e-06,0.007335190195590258,0.9926552772521973
1,0.00030865982989780605,0.9996188879013062,7.239512342493981e-05
1,1.5416225096487324e-06,0.9999618530273438,3.6572280805557966e-05
0,0.9999874830245972,9.098317605094053e-06,3.487154572212603e-06
1,0.00013853562995791435,0.9997884631156921,7.30427709640935e-05
0,0.9999604225158691,3.1806976039661095e-05,7.756445484119467e-06
1,0.0010273470543324947,0.9989604949951172,1.2178117685834877e-05
1,1.7566879250807688e-05,0.9296293258666992,0.07035300880670547
1,0.0001298740680795163,0.99985671043396,1.3398783266893588e-05
0,0.9998577833175659,0.00011257117876084521,2.969819433928933e-05
1,6.92122193868272e-06,0.9999725818634033,2.0541645426419564e-05
1,1.357553742309392e-06,0.9999936819076538,5.03380806549103e-06
2,9.778006642591208e-06,0.00019931474525947124,0.9997909665107727
1,0.00014217713032849133,0.99944669008255,0.0004111476300749928
1,9.666142432251945e-05,0.9994850158691406,0.00041833764407783747
0,0.9999995231628418,3.184764807429019e-07,1.1056707904799623e-07
1,8.898237865651026e-06,0.9999814033508301,9.710242011351511e-06
1,0.0006970067624934018,0.9992769360542297,2.602881613711361e-05
0,0.9999991655349731,5.933839588578849e-07,2.8521094463940244e-07
2,7.997445209184662e-06,6.565015792148188e-05,0.9999263286590576
0,0.9999767541885376,1.7418151401216164e-05,5.86761188969831e-06
0,0.9999926090240479,5.942983534623636e-06,1.4877351759423618e-06
2,4.208945938444231e-06,0.00010979105718433857,0.9998860359191895
0,1.0,5.422759841167135e-08,2.468700799340695e-08
1,0.00030784966656938195,0.9995322227478027,0.00015995129069779068
1,5.8588073443388566e-05,0.9998459815979004,9.534992568660527e-05
1,6.360160114127211e-07,0.9999947547912598,4.633564913092414e-06
1,0.00018710257427301258,0.999349057674408,0.000463802891317755
0,0.9999949932098389,3.319333018225734e-06,1.680603872955544e-06
2,3.0710068585904082e-06,0.0006040009902790189,0.9993928670883179
0,0.999991774559021,4.2623055378498975e-06,3.929796548618469e-06
2,6.699091841255722e-07,4.523099050857127e-05,0.999954104423523
0,0.9999840259552002,1.1792621990025509e-05,4.179322331765434e-06
1,3.5180059398953745e-07,0.9999966621398926,3.0090568543528207e-06
0,0.9999995231628418,3.7393661500573216e-07,1.0872466305045236e-07
2,3.612088761428822e-08,7.639132491021883e-06,0.9999923706054688
1,0.0003404602175578475,0.9990849494934082,0.0005745641537941992
1,0.0008730075787752867,0.9990314245223999,9.567249799147248e-05
0,0.9999693632125854,2.0886862330371514e-05,9.738067092257552e-06
0,1.0,4.208486359402741e-08,1.5478731185680772e-08
